"Screen_Tech","Mean(Avg_mode_power)"
"LCD",86.23934486597929
"LCD (LED)",120.57076391780063
"OLED",130.0418771331058
