"Screen_Size_Category","Mean(Star2)"
"22 inch",4.83111111111111
"27 inch",4.444444444444445
"32 inch",5.2602739726027385
"43 inch",4.913427561837448
"50 inch",4.75694444444445
"55 inch",4.66139657444005
"65 inch",4.716577540106949
"75 inch",4.800435413642946
"85 inch",4.712783171521038
